node,edge,d_nodetoedge
1,1,0
1,2,0
1,3,412.2147355233961
1,4,0
1,5,162.16349774224778
1,6,328.39169556428095
1,7,412.2147355233961
1,8,322.3259153064192
1,9,322.3259153064192
1,10,368.56442739320676
1,11,328.39169556428095
1,12,259.44243886052817
1,13,211.6407652496597
1,14,368.56442739320676
1,15,162.16349774224778
1,16,211.6407652496597
1,17,308.20680482879953
1,18,259.44243886052817
1,19,417.6052267341637
1,20,830.4066317705322
1,21,417.6052267341637
1,22,394.33461682933745
1,23,456.50252741171715
1,24,394.33461682933745
1,25,447.3679560209181
1,26,308.20680482879953
1,27,308.20680482879953
1,28,578.260503192662
1,29,519.1570359260894
1,30,659.8693262450746
1,31,608.7235956161176
1,32,608.7235956161176
1,33,1042.040289355092
1,34,1042.040289355092
1,35,1036.5836070458677
1,36,1023.2419429817413
1,37,830.4066317705322
1,38,963.6282516375793
1,39,830.4066317705322
1,40,990.9619181986034
1,41,963.6282516375793
1,42,659.8693262450746
1,43,578.260503192662
1,44,990.9619181986034
1,45,1023.2419429817413
1,46,1101.0622488151162
1,47,1036.5836070458677
1,48,1065.4565384738019
1,49,1065.4565384738019
1,50,844.4286745028846
1,51,749.1553833872734
1,52,1101.1436566121436
1,53,1155.633303413685
1,54,844.4286745028846
1,55,937.8363829642317
1,56,937.8363829642317
1,57,1029.3841846855182
2,1,0
2,2,108.90821823902914
2,3,521.1229537624253
2,4,108.90821823902914
2,5,271.07171598127695
2,6,437.2999138033101
2,7,521.1229537624253
2,8,431.23413354544834
2,9,431.23413354544834
2,10,477.4726456322359
2,11,437.2999138033101
2,12,368.35065709955734
2,13,320.54898348868886
2,14,477.4726456322359
2,15,271.07171598127695
2,16,320.54898348868886
2,17,417.1150230678287
2,18,368.35065709955734
2,19,526.5134449731928
2,20,939.3148500095613
2,21,526.5134449731928
2,22,503.2428350683666
2,23,565.4107456507462
2,24,503.2428350683666
2,25,556.2761742599473
2,26,417.1150230678287
2,27,417.1150230678287
2,28,687.1687214316912
2,29,628.0652541651186
2,30,768.7775444841038
2,31,717.6318138551469
2,32,717.6318138551469
2,33,1150.948507594121
2,34,1150.948507594121
2,35,1145.4918252848965
2,36,1132.1501612207703
2,37,939.3148500095613
2,38,1072.5364698766084
2,39,939.3148500095613
2,40,1099.8701364376325
2,41,1072.5364698766084
2,42,768.7775444841038
2,43,687.1687214316912
2,44,1099.8701364376325
2,45,1132.1501612207703
2,46,1209.9704670541453
2,47,1145.4918252848965
2,48,1174.364756712831
2,49,1174.364756712831
2,50,953.3368927419139
2,51,858.0636016263027
2,52,1210.0518748511724
2,53,1264.5415216527142
2,54,953.3368927419139
2,55,1046.7446012032608
2,56,1046.7446012032608
2,57,1138.2924029245473
3,1,412.2147355233961
3,2,412.2147355233961
3,3,0
3,4,250.0512377811483
3,5,89.88882021697692
3,6,416.27943560318147
3,7,0
3,8,0
3,9,89.88882021697692
3,10,136.1273323037645
3,11,416.27943560318147
3,12,347.3301788994287
3,13,299.5285052885602
3,14,136.1273323037645
3,15,250.0512377811483
3,16,299.5285052885602
3,17,307.999930593248
3,18,347.3301788994287
3,19,185.1681316447214
3,20,597.96953668109
3,21,185.1681316447214
3,22,224.06543232227483
3,23,224.06543232227483
3,24,307.999930593248
3,25,535.2556960598185
3,26,394.1277425937859
3,27,394.1277425937859
3,28,664.1814409576484
3,29,605.0779736910758
3,30,745.790264010061
3,31,650.8940111706869
3,32,694.6445333811041
3,33,809.6031942656497
3,34,809.6031942656497
3,35,804.1465119564255
3,36,790.8048478922991
3,37,597.96953668109
3,38,731.1911565481371
3,39,597.96953668109
3,40,758.5248231091612
3,41,731.1911565481371
3,42,745.790264010061
3,43,664.1814409576484
3,44,758.5248231091612
3,45,790.8048478922991
3,46,868.625153725674
3,47,804.1465119564255
3,48,833.0194433843595
3,49,833.0194433843595
3,50,868.7065615227013
3,51,835.0763211522599
3,52,868.7065615227013
3,53,923.196208324243
3,54,930.3496122678711
3,55,1023.7573207292181
3,56,1023.7573207292181
3,57,1115.3051224505048
4,1,457.43641174177617
4,2,457.43641174177617
4,3,0
4,4,295.2729139995284
4,5,135.110496435357
4,6,461.50111182156155
4,7,45.221676218380054
4,8,45.221676218380054
4,9,135.110496435357
4,10,181.34900852214457
4,11,461.50111182156155
4,12,392.55185511780877
4,13,344.7501815069403
4,14,181.34900852214457
4,15,295.2729139995284
4,16,344.7501815069403
4,17,353.2216068116281
4,18,392.55185511780877
4,19,230.38980786310148
4,20,643.19121289947
4,21,230.38980786310148
4,22,269.2871085406549
4,23,269.2871085406549
4,24,353.2216068116281
4,25,580.4773722781987
4,26,439.349418812166
4,27,439.349418812166
4,28,709.4031171760284
4,29,650.2996499094559
4,30,791.0119402284411
4,31,696.1156873890669
4,32,739.8662095994841
4,33,854.8248704840297
4,34,854.8248704840297
4,35,849.3681881748055
4,36,836.0265241106791
4,37,643.19121289947
4,38,776.4128327665171
4,39,643.19121289947
4,40,803.7464993275412
4,41,776.4128327665171
4,42,791.0119402284411
4,43,709.4031171760284
4,44,803.7464993275412
4,45,836.0265241106791
4,46,913.846829944054
4,47,849.3681881748055
4,48,878.2411196027396
4,49,878.2411196027396
4,50,913.9282377410814
4,51,880.2979973706399
4,52,913.9282377410814
4,53,968.417884542623
4,54,975.5712884862511
4,55,1068.978996947598
4,56,1068.978996947598
4,57,1160.5267986688846
5,1,55.362442142665635
5,2,0
5,3,467.57717766606174
5,4,55.362442142665635
5,5,217.5259398849134
5,6,383.7541377069466
5,7,467.57717766606174
5,8,377.68835744908483
5,9,377.68835744908483
5,10,423.9268695358724
5,11,383.7541377069466
5,12,314.8048810031938
5,13,267.00320739232535
5,14,423.9268695358724
5,15,217.5259398849134
5,16,267.00320739232535
5,17,363.5692469714652
5,18,314.8048810031938
5,19,472.96766887682935
5,20,885.7690739131979
5,21,472.96766887682935
5,22,449.6970589720031
5,23,511.8649695543828
5,24,449.6970589720031
5,25,502.73039816358374
5,26,363.5692469714652
5,27,363.5692469714652
5,28,633.6229453353276
5,29,574.519478068755
5,30,715.2317683877402
5,31,664.0860377587833
5,32,664.0860377587833
5,33,1097.4027314977577
5,34,1097.4027314977577
5,35,1091.9460491885334
5,36,1078.6043851244071
5,37,885.7690739131979
5,38,1018.990693780245
5,39,885.7690739131979
5,40,1046.324360341269
5,41,1018.990693780245
5,42,715.2317683877402
5,43,633.6229453353276
5,44,1046.324360341269
5,45,1078.6043851244071
5,46,1156.424690957782
5,47,1091.9460491885334
5,48,1120.8189806164676
5,49,1120.8189806164676
5,50,899.7911166455502
5,51,804.517825529939
5,52,1156.5060987548093
5,53,1210.995745556351
5,54,899.7911166455502
5,55,993.1988251068973
5,56,993.1988251068973
5,57,1084.746626828184
6,1,162.16349774224778
6,2,162.16349774224778
6,3,250.0512377811483
6,4,0
6,5,0
6,6,166.2281978220332
6,7,250.0512377811483
6,8,160.1624175641714
6,9,160.1624175641714
6,10,206.40092965095897
6,11,166.2281978220332
6,12,97.2789411182804
6,13,49.47726750741192
6,14,206.40092965095897
6,15,0
6,16,49.47726750741192
6,17,146.04330708655175
6,18,97.2789411182804
6,19,255.44172899191588
6,20,668.2431340282844
6,21,255.44172899191588
6,22,232.17111908708966
6,23,294.3390296694693
6,24,232.17111908708966
6,25,285.2044582786703
6,26,146.04330708655175
6,27,146.04330708655175
6,28,416.0970054504142
6,29,356.9935381838416
6,30,497.7058285028269
6,31,446.56009787386984
6,32,446.56009787386984
6,33,879.8767916128442
6,34,879.8767916128442
6,35,874.4201093036199
6,36,861.0784452394936
6,37,668.2431340282844
6,38,801.4647538953316
6,39,668.2431340282844
6,40,828.7984204563556
6,41,801.4647538953316
6,42,497.7058285028269
6,43,416.0970054504142
6,44,828.7984204563556
6,45,861.0784452394936
6,46,938.8987510728684
6,47,874.4201093036199
6,48,903.293040731554
6,49,903.293040731554
6,50,682.2651767606369
6,51,586.9918856450257
6,52,938.9801588698958
6,53,993.4698056714375
6,54,682.2651767606369
6,55,775.672885221984
6,56,775.672885221984
6,57,867.2206869432705
7,1,328.391695564281
7,2,328.391695564281
7,3,416.27943560318147
7,4,166.2281978220332
7,5,166.2281978220332
7,6,0
7,7,416.27943560318147
7,8,326.39061538620456
7,9,326.39061538620456
7,10,372.62912747299214
7,11,0
7,12,0
7,13,68.9492567037528
7,14,372.62912747299214
7,15,116.75093031462127
7,16,116.75093031462127
7,17,213.3169698937611
7,18,68.9492567037528
7,19,421.6699268139491
7,20,834.4713318503176
7,21,383.3792801652722
7,22,299.444781894299
7,23,383.3792801652722
7,24,299.444781894299
7,25,256.8747738641427
7,26,213.3169698937611
7,27,213.3169698937611
7,28,483.37066825762355
7,29,376.98305834110954
7,30,564.9794913100362
7,31,513.8337606810792
7,32,513.8337606810792
7,33,1046.1049894348773
7,34,1046.1049894348773
7,35,1040.648307125653
7,36,1027.3066430615268
7,37,834.4713318503176
7,38,967.6929517173647
7,39,834.4713318503176
7,40,995.0266182783888
7,41,967.6929517173647
7,42,564.9794913100362
7,43,483.37066825762355
7,44,995.0266182783888
7,45,1027.3066430615268
7,46,1105.1269488949017
7,47,1040.648307125653
7,48,1069.5212385535872
7,49,1069.5212385535872
7,50,721.8179650950236
7,51,626.5446739794124
7,52,1083.2553732309275
7,53,1159.6980034934707
7,54,721.8179650950236
7,55,815.2256735563707
7,56,815.2256735563707
7,57,906.7734752776572
8,1,433.5011623120483
8,2,433.5011623120483
8,3,521.3889023509488
8,4,271.3376645698005
8,5,271.3376645698005
8,6,0
8,7,521.3889023509488
8,8,431.5000821339719
8,9,431.5000821339719
8,10,477.73859422075947
8,11,105.1094667477673
8,12,105.1094667477673
8,13,174.0587234515201
8,14,477.73859422075947
8,15,221.86039706238859
8,16,221.86039706238859
8,17,318.4264366415284
8,18,174.0587234515201
8,19,526.7793935617163
8,20,939.5807985980848
8,21,488.4887469130395
8,22,404.55424864206634
8,23,488.4887469130395
8,24,404.55424864206634
8,25,361.98424061191
8,26,318.4264366415284
8,27,318.4264366415284
8,28,588.4801350053908
8,29,482.09252508887687
8,30,670.0889580578034
8,31,618.9432274288465
8,32,618.9432274288465
8,33,1151.2144561826447
8,34,1151.2144561826447
8,35,1145.7577738734203
8,36,1132.416109809294
8,37,939.5807985980848
8,38,1072.802418465132
8,39,939.5807985980848
8,40,1100.136085026156
8,41,1072.802418465132
8,42,670.0889580578034
8,43,588.4801350053908
8,44,1100.136085026156
8,45,1132.416109809294
8,46,1210.236415642669
8,47,1145.7577738734203
8,48,1174.6307053013545
8,49,1174.6307053013545
8,50,826.927431842791
8,51,731.6541407271798
8,52,1188.3648399786948
8,53,1264.807470241238
8,54,826.927431842791
8,55,920.335140304138
8,56,920.335140304138
8,57,1011.8829420254245
9,1,485.7130348234479
9,2,485.7130348234479
9,3,73.49829930005184
9,4,323.5495370812001
9,5,163.38711951702876
9,6,489.7777349032333
9,7,0
9,8,73.49829930005184
9,9,163.38711951702876
9,10,209.62563160381632
9,11,489.7777349032333
9,12,420.8284781994805
9,13,373.02680458861204
9,14,209.62563160381632
9,15,323.5495370812001
9,16,373.02680458861204
9,17,381.4982298932999
9,18,420.8284781994805
9,19,258.66643094477325
9,20,671.4678359811418
9,21,258.66643094477325
9,22,297.5637316223267
9,23,297.5637316223267
9,24,381.4982298932999
9,25,608.7539953598705
9,26,467.6260418938378
9,27,467.6260418938378
9,28,737.6797402577002
9,29,678.5762729911277
9,30,819.2885633101129
9,31,724.3923104707387
9,32,768.1428326811558
9,33,883.1014935657015
9,34,883.1014935657015
9,35,877.6448112564773
9,36,864.3031471923509
9,37,671.4678359811418
9,38,804.6894558481889
9,39,671.4678359811418
9,40,832.023122409213
9,41,804.6894558481889
9,42,819.2885633101129
9,43,737.6797402577002
9,44,832.023122409213
9,45,864.3031471923509
9,46,942.1234530257258
9,47,877.6448112564773
9,48,906.5177426844114
9,49,906.5177426844114
9,50,942.2048608227532
9,51,908.5746204523117
9,52,942.2048608227532
9,53,996.6945076242948
9,54,1003.8479115679229
9,55,1097.25562002927
9,56,1097.25562002927
9,57,1188.8034217505565
10,1,322.3259153064192
10,2,322.3259153064192
10,3,89.88882021697692
10,4,160.1624175641714
10,5,0
10,6,326.39061538620456
10,7,89.88882021697692
10,8,0
10,9,0
10,10,46.238512086787566
10,11,326.39061538620456
10,12,257.4413586824518
10,13,209.6396850715833
10,14,46.238512086787566
10,15,160.1624175641714
10,16,209.6396850715833
10,17,218.11111037627109
10,18,257.4413586824518
10,19,95.27931142774449
10,20,508.08071646411304
10,21,95.27931142774449
10,22,134.17661210529792
10,23,134.17661210529792
10,24,218.11111037627109
10,25,445.3668758428417
10,26,304.238922376809
10,27,304.238922376809
10,28,574.2926207406715
10,29,515.1891534740989
10,30,655.9014437930841
10,31,561.00519095371
10,32,604.7557131641272
10,33,719.7143740486728
10,34,719.7143740486728
10,35,714.2576917394485
10,36,700.9160276753222
10,37,508.08071646411304
10,38,641.3023363311602
10,39,508.08071646411304
10,40,668.6360028921843
10,41,641.3023363311602
10,42,655.9014437930841
10,43,574.2926207406715
10,44,668.6360028921843
10,45,700.9160276753222
10,46,778.736333508697
10,47,714.2576917394485
10,48,743.1306231673826
10,49,743.1306231673826
10,50,778.8177413057244
10,51,745.187500935283
10,52,778.8177413057244
10,53,833.3073881072661
10,54,840.4607920508942
10,55,933.8685005122412
10,56,933.8685005122412
10,57,1025.4163022335279
11,1,368.56442739320676
11,2,368.56442739320676
11,3,136.1273323037645
11,4,206.40092965095897
11,5,46.238512086787566
11,6,372.62912747299214
11,7,136.1273323037645
11,8,46.238512086787566
11,9,0
11,10,0
11,11,372.62912747299214
11,12,303.67987076923936
11,13,255.87819715837088
11,14,0
11,15,206.40092965095897
11,16,255.87819715837088
11,17,171.87259828948356
11,18,303.67987076923936
11,19,49.040799340956916
11,20,461.84220437732546
11,21,49.040799340956916
11,22,87.93810001851037
11,23,87.93810001851037
11,24,171.87259828948356
11,25,468.95064138731135
11,26,258.0004102900215
11,27,258.0004102900215
11,28,528.054108653884
11,29,468.95064138731135
11,30,609.6629317062966
11,31,514.7666788669225
11,32,558.5172010773397
11,33,673.4758619618852
11,34,673.4758619618852
11,35,668.019179652661
11,36,654.6775155885347
11,37,461.84220437732546
11,38,595.0638242443725
11,39,461.84220437732546
11,40,622.3974908053967
11,41,595.0638242443725
11,42,609.6629317062966
11,43,528.054108653884
11,44,622.3974908053967
11,45,654.6775155885347
11,46,732.4978214219095
11,47,668.019179652661
11,48,696.892111080595
11,49,696.892111080595
11,50,732.5792292189369
11,51,698.9489888484954
11,52,732.5792292189369
11,53,787.0688760204786
11,54,794.2222799641066
11,55,887.6299884254537
11,56,887.6299884254537
11,57,979.1777901467402
12,1,375.93115286029985
12,2,375.93115286029985
12,3,463.81889289920036
12,4,213.76765511805206
12,5,213.76765511805206
12,6,47.53945729601885
12,7,463.81889289920036
12,8,373.93007268222345
12,9,373.93007268222345
12,10,420.16858476901103
12,11,0
12,12,47.53945729601885
12,13,116.48871399977165
12,14,420.16858476901103
12,15,164.29038761064012
12,16,164.29038761064012
12,17,260.85642718977994
12,18,116.48871399977165
12,19,469.20938410996797
12,20,882.0107891463365
12,21,430.918737461291
12,22,346.98423919031785
12,23,430.918737461291
12,24,346.98423919031785
12,25,304.41423116016153
12,26,260.85642718977994
12,27,260.85642718977994
12,28,530.9101255536424
12,29,424.52251563712844
12,30,612.518948606055
12,31,561.373217977098
12,32,561.373217977098
12,33,1093.6444467308963
12,34,1093.6444467308963
12,35,1088.187764421672
12,36,1074.8461003575458
12,37,882.0107891463365
12,38,1015.2324090133836
12,39,882.0107891463365
12,40,1042.5660755744077
12,41,1015.2324090133836
12,42,612.518948606055
12,43,530.9101255536424
12,44,1042.5660755744077
12,45,1074.8461003575458
12,46,1152.6664061909207
12,47,1088.187764421672
12,48,1117.0606958496062
12,49,1117.0606958496062
12,50,769.3574223910424
12,51,674.0841312754312
12,52,1130.7948305269463
12,53,1207.2374607894897
12,54,769.3574223910424
12,55,862.7651308523895
12,56,862.7651308523895
12,57,954.312932573676
13,1,259.44243886052817
13,2,259.44243886052817
13,3,347.3301788994287
13,4,97.2789411182804
13,5,97.2789411182804
13,6,68.9492567037528
13,7,347.3301788994287
13,8,257.4413586824518
13,9,257.4413586824518
13,10,303.67987076923936
13,11,68.9492567037528
13,12,0
13,13,0
13,14,303.67987076923936
13,15,47.80167361086848
13,16,47.80167361086848
13,17,144.36771319000832
13,18,0
13,19,352.7206701101963
13,20,765.5220751465648
13,21,314.4300234615194
13,22,230.49552519054623
13,23,314.4300234615194
13,24,230.49552519054623
13,25,187.92551716038992
13,26,144.36771319000832
13,27,144.36771319000832
13,28,414.42141155387077
13,29,308.03380163735676
13,30,496.03023460628344
13,31,444.8845039773264
13,32,444.8845039773264
13,33,977.1557327311245
13,34,977.1557327311245
13,35,971.6990504219003
13,36,958.357386357774
13,37,765.5220751465648
13,38,898.743695013612
13,39,765.5220751465648
13,40,926.077361574636
13,41,898.743695013612
13,42,496.03023460628344
13,43,414.42141155387077
13,44,926.077361574636
13,45,958.357386357774
13,46,1036.177692191149
13,47,971.6990504219003
13,48,1000.5719818498344
13,49,1000.5719818498344
13,50,652.8687083912708
13,51,557.5954172756597
13,52,1014.3061165271747
13,53,1090.7487467897179
13,54,652.8687083912708
13,55,746.2764168526179
13,56,746.2764168526179
13,57,837.8242185739044
14,1,448.3767071501464
14,2,448.3767071501464
14,3,215.93961206070415
14,4,286.2132094078986
14,5,126.05079184372723
14,6,452.44140722993177
14,7,215.93961206070415
14,8,126.05079184372723
14,9,79.81227975693966
14,10,0
14,11,452.44140722993177
14,12,383.492150526179
14,13,335.6904769153105
14,14,79.81227975693966
14,15,286.2132094078986
14,16,335.6904769153105
14,17,251.6848780464232
14,18,383.492150526179
14,19,128.85307909789657
14,20,541.6544841342651
14,21,128.85307909789657
14,22,167.75037977545003
14,23,167.75037977545003
14,24,251.6848780464232
14,25,548.762921144251
14,26,337.8126900469611
14,27,337.8126900469611
14,28,607.8663884108236
14,29,548.762921144251
14,30,689.4752114632362
14,31,594.578958623862
14,32,638.3294808342791
14,33,753.2881417188248
14,34,753.2881417188248
14,35,747.8314594096006
14,36,734.4897953454742
14,37,541.6544841342651
14,38,674.8761040013122
14,39,541.6544841342651
14,40,702.2097705623363
14,41,674.8761040013122
14,42,689.4752114632362
14,43,607.8663884108236
14,44,702.2097705623363
14,45,734.4897953454742
14,46,812.3101011788491
14,47,747.8314594096006
14,48,776.7043908375347
14,49,776.7043908375347
14,50,812.3915089758765
14,51,778.761268605435
14,52,812.3915089758765
14,53,866.8811557774181
14,54,874.0345597210462
14,55,967.4422681823933
14,56,967.4422681823933
14,57,1058.9900699036798
15,1,417.6052267341637
15,2,417.6052267341637
15,3,185.16813164472143
15,4,255.44172899191588
15,5,95.27931142774449
15,6,421.6699268139491
15,7,185.16813164472143
15,8,95.27931142774449
15,9,49.040799340956916
15,10,49.040799340956916
15,11,421.6699268139491
15,12,352.7206701101963
15,13,304.9189964993278
15,14,0
15,15,255.44172899191588
15,16,208.95961094906454
15,17,122.83179894852663
15,18,352.7206701101963
15,19,0
15,20,412.8014050363685
15,21,0
15,22,38.897300677553446
15,23,38.897300677553446
15,24,122.83179894852663
15,25,419.9098420463544
15,26,208.95961094906454
15,27,208.95961094906454
15,28,479.013309312927
15,29,419.9098420463544
15,30,560.6221323653397
15,31,465.72587952596547
15,32,509.4764017363826
15,33,624.4350626209283
15,34,624.4350626209283
15,35,618.9783803117041
15,36,605.6367162475777
15,37,412.8014050363685
15,38,546.0230249034156
15,39,412.8014050363685
15,40,573.3566914644398
15,41,546.0230249034156
15,42,560.6221323653397
15,43,479.013309312927
15,44,573.3566914644398
15,45,605.6367162475777
15,46,683.4570220809526
15,47,618.9783803117041
15,48,647.851311739638
15,49,647.851311739638
15,50,683.53842987798
15,51,649.9081895075385
15,52,683.53842987798
15,53,738.0280766795216
15,54,745.1814806231497
15,55,838.5891890844968
15,56,838.5891890844968
15,57,930.1369908057833
16,1,211.6407652496597
16,2,211.6407652496597
16,3,299.5285052885602
16,4,49.47726750741192
16,5,49.47726750741192
16,6,116.75093031462127
16,7,299.5285052885602
16,8,209.6396850715833
16,9,209.6396850715833
16,10,255.87819715837088
16,11,116.75093031462127
16,12,47.80167361086848
16,13,0
16,14,255.87819715837088
16,15,0
16,16,0
16,17,96.56603957913983
16,18,47.80167361086848
16,19,304.9189964993278
16,20,717.7204015356963
16,21,266.6283498506509
16,22,182.69385157967773
16,23,266.6283498506509
16,24,182.69385157967773
16,25,235.7271907712584
16,26,96.56603957913983
16,27,96.56603957913983
16,28,366.6197379430023
16,29,307.5162706764297
16,30,448.22856099541497
16,31,397.0828303664579
16,32,397.0828303664579
16,33,929.354059120256
16,34,929.354059120256
16,35,923.8973768110318
16,36,910.5557127469054
16,37,717.7204015356963
16,38,850.9420214027434
16,39,717.7204015356963
16,40,878.2756879637675
16,41,850.9420214027434
16,42,448.22856099541497
16,43,366.6197379430023
16,44,878.2756879637675
16,45,910.5557127469054
16,46,988.3760185802803
16,47,923.8973768110318
16,48,952.7703082389659
16,49,952.7703082389659
16,50,632.787909253225
16,51,537.5146181376139
16,52,988.4574263773077
16,53,1042.9470731788492
16,54,632.787909253225
16,55,726.1956177145721
16,56,726.1956177145721
16,57,817.7434194358586
17,1,308.20680482879953
17,2,308.20680482879953
17,3,394.12774259378597
17,4,146.04330708655175
17,5,146.04330708655175
17,6,213.3169698937611
17,7,394.12774259378597
17,8,304.23892237680906
17,9,258.0004102900215
17,10,258.0004102900215
17,11,213.3169698937611
17,12,144.36771319000832
17,13,96.56603957913983
17,14,208.95961094906454
17,15,96.56603957913983
17,16,0
17,17,0
17,18,144.36771319000832
17,19,208.95961094906454
17,20,621.761015985433
17,21,170.06231027151108
17,22,86.1278120005379
17,23,170.06231027151108
17,24,86.1278120005379
17,25,210.95023109728987
17,26,0
17,27,0
17,28,270.05369836386245
17,29,210.95023109728987
17,30,351.6625214162751
17,31,300.5167907873181
17,32,300.5167907873181
17,33,833.3946735699927
17,34,833.3946735699927
17,35,827.9379912607685
17,36,814.5963271966422
17,37,621.761015985433
17,38,754.9826358524801
17,39,621.761015985433
17,40,782.3163024135042
17,41,754.9826358524801
17,42,351.6625214162751
17,43,270.05369836386245
17,44,782.3163024135042
17,45,814.5963271966422
17,46,892.416633030017
17,47,827.9379912607685
17,48,856.8109226887026
17,49,856.8109226887026
17,50,536.2218696740852
17,51,440.94857855847397
17,52,892.4980408270444
17,53,946.9876876285861
17,54,536.2218696740852
17,55,629.6295781354322
17,56,629.6295781354322
17,57,721.1773798567187
18,1,447.3679560209181
18,2,447.3679560209181
18,3,535.2556960598187
18,4,285.2044582786703
18,5,285.2044582786703
18,6,256.8747738641427
18,7,535.2556960598187
18,8,445.3668758428417
18,9,445.3668758428417
18,10,491.6053879296293
18,11,256.8747738641427
18,12,187.92551716038992
18,13,187.92551716038992
18,14,491.6053879296293
18,15,235.7271907712584
18,16,235.7271907712584
18,17,331.0585155742567
18,18,0
18,19,540.0181265233213
18,20,952.8195315596897
18,21,501.1208258457678
18,22,417.18632757479463
18,23,501.1208258457678
18,24,417.18632757479463
18,25,0
18,26,120.10828447696687
18,27,331.0585155742567
18,28,540.5647803098811
18,29,120.10828447696687
18,30,369.6699001152697
18,31,571.0278727333368
18,32,571.0278727333368
18,33,987.6407089368134
18,34,987.6407089368134
18,35,890.9406489330606
18,36,890.9406489330606
18,37,952.8195315596897
18,38,1086.0411514267369
18,39,936.5623377803249
18,40,936.5623377803249
18,41,1086.0411514267369
18,42,458.9559572574685
18,43,458.9559572574685
18,44,904.282312997187
18,45,904.282312997187
18,46,982.1026188305618
18,47,826.3805993667847
18,48,1036.6736734291308
18,49,1187.8694382629594
18,50,464.94319123088087
18,51,369.6699001152697
18,52,826.3805993667847
18,53,1036.6736734291308
18,54,464.94319123088087
18,55,558.3508996922279
18,56,558.3508996922279
18,57,649.8987014135145
19,1,830.4066317705322
19,2,830.4066317705322
19,3,597.96953668109
19,4,668.2431340282844
19,5,508.08071646411304
19,6,834.4713318503177
19,7,597.96953668109
19,8,508.08071646411304
19,9,461.84220437732546
19,10,461.84220437732546
19,11,834.4713318503177
19,12,765.5220751465649
19,13,717.7204015356964
19,14,412.8014050363685
19,15,668.2431340282844
19,16,621.7610159854331
19,17,535.6332039848952
19,18,765.5220751465649
19,19,0
19,20,0
19,21,412.8014050363685
19,22,451.698705713922
19,23,451.698705713922
19,24,535.6332039848952
19,25,832.711247082723
19,26,621.7610159854331
19,27,480.25656293063014
19,28,449.7934705071745
19,29,651.1514431252416
19,30,561.8653859830428
19,31,52.92447448959697
19,32,449.7934705071745
19,33,211.63365758455978
19,34,211.63365758455978
19,35,206.1769752753355
19,36,192.8353112112092
19,37,0
19,38,133.2216198670471
19,39,0
19,40,160.55528642807124
19,41,133.2216198670471
19,42,561.8653859830428
19,43,480.25656293063014
19,44,160.55528642807124
19,45,192.8353112112092
19,46,270.65561704458406
19,47,206.1769752753355
19,48,235.04990670326958
19,49,235.04990670326958
19,50,270.7370248416114
19,51,632.1744329775154
19,52,270.7370248416114
19,53,325.22667164315305
19,54,632.1744329775154
19,55,725.5821414388624
19,56,725.5821414388624
19,57,817.129943160149
20,1,456.5025274117171
20,2,456.5025274117171
20,3,224.06543232227483
20,4,294.3390296694693
20,5,134.17661210529792
20,6,383.3792801652722
20,7,224.06543232227483
20,8,134.17661210529792
20,9,87.93810001851037
20,10,87.93810001851037
20,11,383.3792801652722
20,12,314.4300234615194
20,13,266.6283498506509
20,14,38.897300677553446
20,15,266.6283498506509
20,16,170.06231027151108
20,17,83.93449827097318
20,18,314.4300234615194
20,19,38.897300677553446
20,20,451.698705713922
20,21,0
20,22,0
20,23,0
20,24,83.93449827097318
20,25,381.01254136880095
20,26,170.06231027151108
20,27,170.06231027151108
20,28,440.11600863537353
20,29,381.01254136880095
20,30,521.7248316877861
20,31,470.57910105882917
20,32,470.57910105882917
20,33,663.3323632984817
20,34,663.3323632984817
20,35,657.8756809892575
20,36,644.5340169251311
20,37,451.698705713922
20,38,584.9203255809691
20,39,451.698705713922
20,40,612.2539921419932
20,41,584.9203255809691
20,42,521.7248316877861
20,43,440.11600863537353
20,44,612.2539921419932
20,45,644.5340169251311
20,46,722.354322758506
20,47,657.8756809892575
20,48,686.7486124171916
20,49,686.7486124171916
20,50,706.2841799455962
20,51,611.010888829985
20,52,722.4357305555334
20,53,776.925377357075
20,54,706.2841799455962
20,55,799.6918884069432
20,56,799.6918884069432
20,57,891.2396901282298
21,1,394.33461682933745
21,2,394.33461682933745
21,3,307.999930593248
21,4,232.17111908708966
21,5,218.11111037627109
21,6,299.444781894299
21,7,307.999930593248
21,8,218.11111037627109
21,9,171.87259828948353
21,10,171.87259828948353
21,11,299.444781894299
21,12,230.4955251905462
21,13,182.69385157967773
21,14,122.83179894852663
21,15,182.69385157967773
21,16,86.1278120005379
21,17,0
21,18,230.4955251905462
21,19,122.83179894852663
21,20,535.6332039848951
21,21,83.93449827097318
21,22,0
21,23,83.93449827097318
21,24,0
21,25,297.0780430978278
21,26,86.1278120005379
21,27,86.1278120005379
21,28,356.18151036440037
21,29,297.0780430978278
21,30,437.79033341681304
21,31,386.644602787856
21,32,386.644602787856
21,33,747.2668615694548
21,34,747.2668615694548
21,35,741.8101792602306
21,36,728.4685151961042
21,37,535.6332039848951
21,38,668.8548238519422
21,39,535.6332039848951
21,40,696.1884904129663
21,41,668.8548238519422
21,42,437.79033341681304
21,43,356.18151036440037
21,44,696.1884904129663
21,45,728.4685151961042
21,46,806.2888210294791
21,47,741.8101792602306
21,48,770.6831106881647
21,49,770.6831106881647
21,50,622.3496816746231
21,51,527.0763905590119
21,52,806.3702288265065
21,53,860.8598756280481
21,54,622.3496816746231
21,55,715.7573901359701
21,56,715.7573901359701
21,57,807.3051918572567
22,1,585.8586250646689
22,2,585.8586250646689
22,3,353.42152997522663
22,4,423.6951273224211
22,5,263.5327097582497
22,6,512.735377818224
22,7,353.42152997522663
22,8,263.5327097582497
22,9,217.29419767146217
22,10,217.29419767146217
22,11,512.735377818224
22,12,443.7861211144712
22,13,395.9844475036027
22,14,168.25339833050526
22,15,395.9844475036027
22,16,299.4184079244629
22,17,213.29059592392497
22,18,443.7861211144712
22,19,168.25339833050526
22,20,581.0548033668738
22,21,129.3560976529518
22,22,129.3560976529518
22,23,0
22,24,213.29059592392497
22,25,510.36863902175276
22,26,299.4184079244629
22,27,299.4184079244629
22,28,569.4721062883253
22,29,510.36863902175276
22,30,651.080929340738
22,31,599.9351987117809
22,32,599.9351987117809
22,33,792.6884609514335
22,34,792.6884609514335
22,35,787.2317786422093
22,36,773.890114578083
22,37,581.0548033668738
22,38,714.2764232339209
22,39,581.0548033668738
22,40,741.610089794945
22,41,714.2764232339209
22,42,651.080929340738
22,43,569.4721062883253
22,44,741.610089794945
22,45,773.890114578083
22,46,851.7104204114578
22,47,787.2317786422093
22,48,816.1047100701434
22,49,816.1047100701434
22,50,835.640277598548
22,51,740.3669864829368
22,52,851.7918282084852
22,53,906.2814750100268
22,54,835.640277598548
22,55,929.047986059895
22,56,929.047986059895
22,57,1020.5957877811816
23,1,558.7365632898341
23,2,558.7365632898341
23,3,472.40187705374467
23,4,396.5730655475863
23,5,382.51305683676776
23,6,463.84672835479563
23,7,472.40187705374467
23,8,382.51305683676776
23,9,336.2745447499802
23,10,336.2745447499802
23,11,463.84672835479563
23,12,394.89747165104285
23,13,347.0957980401744
23,14,287.23374540902324
23,15,347.0957980401744
23,16,250.52975846103453
23,17,164.40194646049662
23,18,394.89747165104285
23,19,287.23374540902324
23,20,700.0351504453918
23,21,248.33644473146978
23,22,164.40194646049662
23,23,248.33644473146978
23,24,0
23,25,461.4799895583244
23,26,250.52975846103453
23,27,250.52975846103453
23,28,520.583456824897
23,29,461.4799895583244
23,30,602.1922798773096
23,31,551.0465492483527
23,32,551.0465492483527
23,33,911.6688080299515
23,34,911.6688080299515
23,35,906.2121257207273
23,36,892.8704616566009
23,37,700.0351504453918
23,38,833.2567703124389
23,39,700.0351504453918
23,40,860.590436873463
23,41,833.2567703124389
23,42,602.1922798773096
23,43,520.583456824897
23,44,860.590436873463
23,45,892.8704616566009
23,46,970.6907674899758
23,47,906.2121257207273
23,48,935.0850571486613
23,49,935.0850571486613
23,50,786.7516281351196
23,51,691.4783370195084
23,52,970.7721752870032
23,53,1025.2618220885447
23,54,786.7516281351196
23,55,880.1593365964667
23,56,880.1593365964667
23,57,971.7071383177532
24,1,519.1570359260894
24,2,519.1570359260894
24,3,605.0779736910758
24,4,356.9935381838416
24,5,356.9935381838416
24,6,376.98305834110954
24,7,605.0779736910758
24,8,515.1891534740989
24,9,468.95064138731135
24,10,468.95064138731135
24,11,376.98305834110954
24,12,308.03380163735676
24,13,307.5162706764297
24,14,419.9098420463544
24,15,307.5162706764297
24,16,210.95023109728987
24,17,210.95023109728987
24,18,120.10828447696687
24,19,419.9098420463544
24,20,832.7112470827229
24,21,381.01254136880095
24,22,297.0780430978278
24,23,381.01254136880095
24,24,297.0780430978278
24,25,0
24,26,0
24,27,210.95023109728987
24,28,420.45649583291436
24,29,0
24,30,249.56161563830284
24,31,450.91958825637
24,32,450.91958825637
24,33,867.5324244598467
24,34,867.5324244598467
24,35,770.8323644560938
24,36,770.8323644560938
24,37,832.7112470827229
24,38,965.9328669497701
24,39,816.4540533033581
24,40,816.4540533033581
24,41,965.9328669497701
24,42,338.8476727805017
24,43,338.8476727805017
24,44,784.1740285202202
24,45,784.1740285202202
24,46,861.994334353595
24,47,706.272314889818
24,48,916.5653889521641
24,49,1067.7611537859925
24,50,344.834906753914
24,51,249.56161563830284
24,52,706.272314889818
24,53,916.5653889521641
24,54,344.834906753914
24,55,438.242615215261
24,56,438.242615215261
24,57,529.7904169365476
25,1,578.260503192662
25,2,578.260503192662
25,3,664.1814409576483
25,4,416.0970054504142
25,5,416.0970054504142
25,6,483.37066825762355
25,7,664.1814409576483
25,8,574.2926207406714
25,9,528.0541086538839
25,10,528.0541086538839
25,11,483.37066825762355
25,12,414.42141155387077
25,13,366.6197379430023
25,14,479.013309312927
25,15,366.6197379430023
25,16,270.05369836386245
25,17,270.05369836386245
25,18,414.42141155387077
25,19,479.013309312927
25,20,427.3320884410332
25,21,440.11600863537353
25,22,356.18151036440037
25,23,440.11600863537353
25,24,356.18151036440037
25,25,420.45649583291436
25,26,270.05369836386245
25,27,0
25,28,0
25,29,170.89488019461152
25,30,81.60882305241266
25,31,30.463092423455635
25,32,30.463092423455635
25,33,691.8902205151899
25,34,691.8902205151899
25,35,686.4335382059656
25,36,673.0918741418393
25,37,480.25656293063014
25,38,613.4781827976773
25,39,480.25656293063014
25,40,640.8118493587014
25,41,613.4781827976773
25,42,81.60882305241266
25,43,0
25,44,640.8118493587014
25,45,673.0918741418393
25,46,750.9121799752141
25,47,627.6055794461266
25,48,715.3064696338997
25,49,715.3064696338997
25,50,266.1681713102227
25,51,170.89488019461152
25,52,627.6055794461266
25,53,805.4832345737832
25,54,266.1681713102227
25,55,359.5758797715697
25,56,359.5758797715697
25,57,451.1236814928563
26,1,749.1553833872736
26,2,749.1553833872736
26,3,835.0763211522599
26,4,586.9918856450257
26,5,586.9918856450257
26,6,626.5446739794124
26,7,835.0763211522599
26,8,745.187500935283
26,9,698.9489888484954
26,10,698.9489888484954
26,11,626.5446739794124
26,12,557.5954172756597
26,13,537.5146181376138
26,14,649.9081895075385
26,15,537.5146181376138
26,16,440.94857855847397
26,17,440.94857855847397
26,18,369.6699001152697
26,19,649.9081895075385
26,20,598.2269686356447
26,21,611.0108888299851
26,22,527.0763905590119
26,23,611.0108888299851
26,24,527.0763905590119
26,25,249.56161563830284
26,26,249.56161563830284
26,27,170.89488019461152
26,28,170.89488019461152
26,29,0
26,30,0
26,31,201.35797261806715
26,32,201.35797261806715
26,33,617.9708088215438
26,34,617.9708088215438
26,35,521.270748817791
26,36,521.270748817791
26,37,651.1514431252416
26,38,784.3730629922887
26,39,566.8924376650552
26,40,566.8924376650552
26,41,784.3730629922887
26,42,89.28605714219886
26,43,89.28605714219886
26,44,534.6124128819173
26,45,534.6124128819173
26,46,612.4327187152921
26,47,456.7106992515151
26,48,667.0037733138612
26,49,828.3016344280123
26,50,95.2732911156112
26,51,0
26,52,456.7106992515151
26,53,667.0037733138612
26,54,95.2732911156112
26,55,188.68099957695824
26,56,188.68099957695824
26,57,280.22880129824483
27,1,608.7235956161176
27,2,608.7235956161176
27,3,694.644533381104
27,4,446.56009787386984
27,5,446.56009787386984
27,6,513.8337606810792
27,7,694.644533381104
27,8,604.7557131641271
27,9,558.5172010773396
27,10,558.5172010773396
27,11,513.8337606810792
27,12,444.8845039773264
27,13,397.0828303664579
27,14,509.4764017363826
27,15,397.0828303664579
27,16,300.5167907873181
27,17,300.5167907873181
27,18,444.8845039773264
27,19,449.7934705071745
27,20,396.86899601757756
27,21,470.57910105882917
27,22,386.644602787856
27,23,470.57910105882917
27,24,386.644602787856
27,25,450.91958825637
27,26,300.5167907873181
27,27,30.463092423455635
27,28,0
27,29,201.35797261806715
27,30,112.0719154758683
27,31,0
27,32,0
27,33,661.4271280917343
27,34,661.4271280917343
27,35,655.9704457825101
27,36,642.6287817183837
27,37,449.7934705071745
27,38,583.0150903742216
27,39,449.7934705071745
27,40,610.3487569352458
27,41,583.0150903742216
27,42,112.0719154758683
27,43,30.463092423455635
27,44,610.3487569352458
27,45,642.6287817183837
27,46,720.4490875517586
27,47,655.9704457825101
27,48,684.843377210444
27,49,684.843377210444
27,50,296.63126373367834
27,51,201.35797261806715
27,52,658.0686718695822
27,53,775.0201421503276
27,54,296.63126373367834
27,55,390.0389721950254
27,56,390.0389721950254
27,57,481.586773916312
28,1,883.331106260129
28,2,883.331106260129
28,3,650.8940111706868
28,4,721.1676085178813
28,5,561.0051909537099
28,6,887.3958063399145
28,7,650.8940111706868
28,8,561.0051909537099
28,9,514.7666788669223
28,10,514.7666788669223
28,11,887.3958063399145
28,12,818.4465496361618
28,13,770.6448760252932
28,14,465.72587952596547
28,15,721.1676085178813
28,16,674.6854904750301
28,17,588.5576784744921
28,18,818.4465496361618
28,19,52.92447448959697
28,20,0
28,21,465.72587952596547
28,22,504.6231802035189
28,23,504.6231802035189
28,24,588.5576784744921
28,25,847.7885842739477
28,26,674.6854904750301
28,27,427.3320884410332
28,28,396.86899601757756
28,29,598.2269686356448
28,30,508.94091149344587
28,31,0
28,32,396.86899601757756
28,33,264.55813207415673
28,34,264.55813207415673
28,35,259.1014497649325
28,36,245.75978570080616
28,37,52.92447448959697
28,38,186.14609435664408
28,39,52.92447448959697
28,40,213.47976091766822
28,41,186.14609435664408
28,42,508.94091149344587
28,43,427.3320884410332
28,44,213.47976091766822
28,45,245.75978570080616
28,46,323.58009153418107
28,47,259.1014497649325
28,48,287.97438119286653
28,49,287.97438119286653
28,50,323.6614993312084
28,51,598.2269686356448
28,52,323.6614993312084
28,53,378.15114613275006
28,54,685.0989074671123
28,55,778.5066159284594
28,56,778.5066159284594
28,57,870.0544176497459
29,1,1042.040289355092
29,2,1042.040289355092
29,3,809.6031942656497
29,4,879.8767916128442
29,5,719.7143740486728
29,6,1046.1049894348773
29,7,809.6031942656497
29,8,719.7143740486728
29,9,673.4758619618852
29,10,673.4758619618852
29,11,1046.1049894348773
29,12,977.1557327311245
29,13,929.3540591202561
29,14,624.4350626209283
29,15,879.8767916128442
29,16,833.3946735699928
29,17,747.2668615694549
29,18,977.1557327311245
29,19,211.63365758455978
29,20,211.63365758455978
29,21,624.4350626209283
29,22,663.3323632984817
29,23,663.3323632984817
29,24,747.2668615694549
29,25,867.5324244598467
29,26,833.3946735699928
29,27,691.8902205151899
29,28,661.4271280917343
29,29,617.9708088215438
29,30,617.9708088215438
29,31,264.55813207415673
29,32,661.4271280917343
29,33,0
29,34,0
29,35,96.70006000375282
29,36,83.35839593962649
29,37,211.63365758455978
29,38,344.85527745160687
29,39,51.07837115648854
29,40,0
29,41,344.85527745160687
29,42,707.2568659637426
29,43,691.8902205151899
29,44,51.07837115648854
29,45,83.35839593962649
29,46,161.17870177300136
29,47,96.70006000375282
29,48,215.74975637157038
29,49,377.04761748572156
29,50,161.2601095700287
29,51,522.6975177059326
29,52,161.2601095700287
29,53,215.74975637157038
29,54,522.6975177059326
29,55,616.1052261672796
29,56,616.1052261672796
29,57,707.6530278885662
30,1,1099.0490606100489
30,2,1099.0490606100489
30,3,866.6119655206066
30,4,936.8855628678011
30,5,776.7231453036297
30,6,1103.1137606898344
30,7,866.6119655206066
30,8,776.7231453036297
30,9,730.4846332168422
30,10,730.4846332168422
30,11,1103.1137606898344
30,12,1034.1645039860816
30,13,986.3628303752131
30,14,681.4438338758853
30,15,936.8855628678011
30,16,890.4034448249498
30,17,804.2756328244119
30,18,1034.1645039860816
30,19,268.6424288395167
30,20,268.6424288395167
30,21,681.4438338758853
30,22,720.3411345534387
30,23,720.3411345534387
30,24,804.2756328244119
30,25,924.5411957148035
30,26,890.4034448249498
30,27,748.898991770147
30,28,718.4358993466913
30,29,674.9795800765007
30,30,674.9795800765007
30,31,321.56690332911364
30,32,718.4358993466913
30,33,0
30,34,57.0087712549569
30,35,153.70883125870972
30,36,140.36716719458337
30,37,268.6424288395167
30,38,401.86404870656384
30,39,108.08714241144543
30,40,57.0087712549569
30,41,401.86404870656384
30,42,764.2656372186996
30,43,748.898991770147
30,44,108.08714241144543
30,45,140.36716719458337
30,46,218.18747302795825
30,47,153.70883125870972
30,48,272.75852762652727
30,49,434.05638874067847
30,50,218.26888082498562
30,51,579.7062889608895
30,52,218.26888082498562
30,53,272.75852762652727
30,54,579.7062889608895
30,55,673.1139974222366
30,56,673.1139974222366
30,57,764.6617991435231
31,1,1036.5836070458677
31,2,1036.5836070458677
31,3,804.1465119564255
31,4,874.4201093036199
31,5,714.2576917394485
31,6,1040.6483071256532
31,7,804.1465119564255
31,8,714.2576917394485
31,9,668.019179652661
31,10,668.019179652661
31,11,1040.6483071256532
31,12,971.6990504219004
31,13,923.8973768110319
31,14,618.9783803117041
31,15,874.4201093036199
31,16,827.9379912607686
31,17,741.8101792602307
31,18,890.9406489330609
31,19,206.1769752753355
31,20,206.1769752753355
31,21,618.9783803117041
31,22,657.8756809892575
31,23,657.8756809892575
31,24,741.8101792602307
31,25,770.832364456094
31,26,770.832364456094
31,27,686.4335382059658
31,28,655.9704457825101
31,29,521.2707488177911
31,30,521.2707488177911
31,31,259.10144976493245
31,32,655.9704457825101
31,33,96.70006000375281
31,34,96.70006000375281
31,35,0
31,36,0
31,37,206.1769752753355
31,38,339.39859514238265
31,39,45.62168884726428
31,40,45.62168884726428
31,41,307.0308856102214
31,42,610.5568059599899
31,43,610.5568059599899
31,44,13.341664064126334
31,45,13.341664064126334
31,46,91.16196989750121
31,47,0
31,48,145.73302449607021
31,49,307.0308856102214
31,50,64.5600495662759
31,51,425.9974577021798
31,52,64.5600495662759
31,53,145.73302449607021
31,54,425.9974577021798
31,55,519.4051661635268
31,56,519.4051661635268
31,57,610.9529678848133
32,1,1153.3954215168362
32,2,1153.3954215168362
32,3,920.958326427394
32,4,991.2319237745885
32,5,831.0695062104171
32,6,1157.4601215966215
32,7,920.958326427394
32,8,831.0695062104171
32,9,784.8309941236296
32,10,784.8309941236296
32,11,1157.4601215966215
32,12,1088.5108648928688
32,13,1040.7091912820003
32,14,735.7901947826726
32,15,991.2319237745885
32,16,944.7498057317372
32,17,858.6219937311993
32,18,1007.7524634040294
32,19,322.9887897463042
32,20,322.9887897463042
32,21,735.7901947826726
32,22,774.687495460226
32,23,774.687495460226
32,24,858.6219937311993
32,25,887.6441789270625
32,26,887.6441789270625
32,27,803.2453526769343
32,28,772.7822602534786
32,29,638.0825632887596
32,30,638.0825632887596
32,31,375.9132642359011
32,32,772.7822602534786
32,33,213.51187447472145
32,34,213.51187447472145
32,35,0
32,36,116.81181447096864
32,37,322.9887897463042
32,38,456.2104096133513
32,39,162.4335033182329
32,40,162.4335033182329
32,41,423.84270008119006
32,42,727.3686204309585
32,43,727.3686204309585
32,44,130.15347853509496
32,45,130.15347853509496
32,46,207.97378436846984
32,47,116.81181447096864
32,48,262.54483896703886
32,49,423.84270008119006
32,50,181.37186403724453
32,51,542.8092721731484
32,52,181.37186403724453
32,53,262.54483896703886
32,54,542.8092721731484
32,55,636.2169806344955
32,56,636.2169806344955
32,57,727.764782355782
33,1,963.6282516375793
33,2,963.6282516375793
33,3,731.191156548137
33,4,801.4647538953315
33,5,641.3023363311601
33,6,967.6929517173646
33,7,731.191156548137
33,8,641.3023363311601
33,9,595.0638242443725
33,10,595.0638242443725
33,11,967.6929517173646
33,12,898.7436950136118
33,13,850.9420214027434
33,14,546.0230249034156
33,15,801.4647538953315
33,16,754.9826358524801
33,17,668.8548238519422
33,18,898.7436950136118
33,19,133.2216198670471
33,20,133.2216198670471
33,21,546.0230249034156
33,22,584.920325580969
33,23,584.920325580969
33,24,668.8548238519422
33,25,965.93286694977
33,26,754.9826358524801
33,27,613.4781827976774
33,28,583.0150903742217
33,29,784.3730629922889
33,30,695.08700585009
33,31,186.14609435664408
33,32,583.0150903742217
33,33,344.85527745160687
33,34,344.85527745160687
33,35,339.39859514238265
33,36,326.0569310782563
33,37,0
33,38,0
33,39,133.2216198670471
33,40,293.77690629511835
33,41,0
33,42,695.08700585009
33,43,613.4781827976774
33,44,293.77690629511835
33,45,317.69720254894264
33,46,263.12614795037365
33,47,339.39859514238265
33,48,101.82828683622247
33,49,101.82828683622247
33,50,403.95864470865854
33,51,765.3960528445625
33,52,403.95864470865854
33,53,263.12614795037365
33,54,765.3960528445625
33,55,858.8037613059096
33,56,858.8037613059096
33,57,950.3515630271961
34,1,990.9619181986034
34,2,990.9619181986034
34,3,758.5248231091612
34,4,828.7984204563556
34,5,668.6360028921843
34,6,995.0266182783889
34,7,758.5248231091612
34,8,668.6360028921843
34,9,622.3974908053967
34,10,622.3974908053967
34,11,995.0266182783889
34,12,926.0773615746361
34,13,878.2756879637676
34,14,573.3566914644398
34,15,828.7984204563556
34,16,782.3163024135043
34,17,696.1884904129664
34,18,926.0773615746361
34,19,160.55528642807124
34,20,160.55528642807124
34,21,573.3566914644398
34,22,612.2539921419932
34,23,612.2539921419932
34,24,696.1884904129664
34,25,816.4540533033583
34,26,782.3163024135043
34,27,640.8118493587015
34,28,610.3487569352458
34,29,566.8924376650554
34,30,566.8924376650554
34,31,213.47976091766822
34,32,610.3487569352458
34,33,51.07837115648854
34,34,51.07837115648854
34,35,45.62168884726428
34,36,32.28002478313795
34,37,160.55528642807124
34,38,293.77690629511835
34,39,0
34,40,0
34,41,293.77690629511835
34,42,656.1784948072542
34,43,640.8118493587015
34,44,0
34,45,32.28002478313795
34,46,110.10033061651282
34,47,45.62168884726428
34,48,164.67138521508184
34,49,325.969246329233
34,50,110.18173841354017
34,51,471.6191465494441
34,52,110.18173841354017
34,53,164.67138521508184
34,54,471.6191465494441
34,55,565.0268550107911
34,56,565.0268550107911
34,57,656.5746567320776
35,1,1132.0291775580251
35,2,1132.0291775580251
35,3,899.5920824685828
35,4,969.8656798157773
35,5,809.7032622516059
35,6,1136.0938776378105
35,7,899.5920824685828
35,8,809.7032622516059
35,9,763.4647501648184
35,10,763.4647501648184
35,11,1136.0938776378105
35,12,1067.1446209340577
35,13,1019.3429473231893
35,14,714.4239508238614
35,15,969.8656798157773
35,16,923.383561772926
35,17,837.2557497723881
35,18,1067.1446209340577
35,19,301.6225457874929
35,20,301.6225457874929
35,21,714.4239508238614
35,22,753.3212515014148
35,23,753.3212515014148
35,24,837.2557497723881
35,25,957.5213126627798
35,26,923.383561772926
35,27,781.879108718123
35,28,751.4160162946674
35,29,707.9596970244769
35,30,707.9596970244769
35,31,354.54702027708987
35,32,751.4160162946674
35,33,89.98888820293314
35,34,0
35,35,186.68894820668595
35,36,173.34728414255963
35,37,301.6225457874929
35,38,434.84416565454
35,39,141.06725935942168
35,40,89.98888820293314
35,41,434.84416565454
35,42,797.2457541666757
35,43,781.879108718123
35,44,141.06725935942168
35,45,173.34728414255963
35,46,251.1675899759345
35,47,186.68894820668595
35,48,305.7386445745035
35,49,467.03650568865464
35,50,251.24899777296184
35,51,612.6864059088657
35,52,251.24899777296184
35,53,305.7386445745035
35,54,612.6864059088657
35,55,706.0941143702128
35,56,706.0941143702128
35,57,797.6419160914993
36,1,1097.72150277275
36,2,1097.72150277275
36,3,865.2844076833078
36,4,935.5580050305023
36,5,775.3955874663309
36,6,1101.7862028525356
36,7,865.2844076833078
36,8,775.3955874663309
36,9,729.1570753795434
36,10,729.1570753795434
36,11,1101.7862028525356
36,12,1032.8369461487828
36,13,985.0352725379142
36,14,680.1162760385864
36,15,935.5580050305023
36,16,889.075886987651
36,17,802.948074987113
36,18,1032.8369461487828
36,19,267.31487100221796
36,20,267.31487100221796
36,21,680.1162760385864
36,22,719.0135767161398
36,23,719.0135767161398
36,24,802.948074987113
36,25,1100.026118084941
36,26,889.075886987651
36,27,747.5714339328481
36,28,717.1083415093924
36,29,918.4663141274596
36,30,829.1802569852607
36,31,320.2393454918149
36,32,717.1083415093924
36,33,478.9485285867777
36,34,478.9485285867777
36,35,473.49184627755346
36,36,460.1501822134271
36,37,134.09325113517085
36,38,0
36,39,267.31487100221796
36,40,427.87015743028917
36,41,134.09325113517085
36,42,829.1802569852607
36,43,747.5714339328481
36,44,427.87015743028917
36,45,451.7904536841135
36,46,397.2193990855445
36,47,473.49184627755346
36,48,235.92153797139332
36,49,235.92153797139332
36,50,538.0518958438294
36,51,899.4893039797332
36,52,538.0518958438294
36,53,397.2193990855445
36,54,899.4893039797332
36,55,992.8970124410803
36,56,992.8970124410803
36,57,1084.4448141623668
37,1,1065.4565384738016
37,2,1065.4565384738016
37,3,833.0194433843594
37,4,903.2930407315539
37,5,743.1306231673825
37,6,1069.5212385535872
37,7,833.0194433843594
37,8,743.1306231673825
37,9,696.892111080595
37,10,696.892111080595
37,11,1069.5212385535872
37,12,1000.5719818498344
37,13,952.7703082389659
37,14,647.851311739638
37,15,903.2930407315539
37,16,856.8109226887026
37,17,770.6831106881647
37,18,1000.5719818498344
37,19,235.04990670326958
37,20,235.04990670326958
37,21,647.851311739638
37,22,686.7486124171915
37,23,686.7486124171915
37,24,770.6831106881647
37,25,1067.7611537859925
37,26,856.8109226887026
37,27,715.3064696338997
37,28,684.843377210444
37,29,828.3016344280123
37,30,796.9152926863123
37,31,287.97438119286653
37,32,684.843377210444
37,33,377.0476174857215
37,34,377.0476174857215
37,35,307.0308856102214
37,36,293.68922154609504
37,37,101.82828683622247
37,38,101.82828683622247
37,39,235.04990670326958
37,40,325.969246329233
37,41,0
37,42,796.9152926863123
37,43,715.3064696338997
37,44,293.68922154609504
37,45,215.8689157127202
37,46,161.29786111415117
37,47,307.0308856102214
37,48,0
37,49,0
37,50,371.5909351764973
37,51,733.0283433124011
37,52,371.5909351764973
37,53,161.29786111415117
37,54,733.0283433124011
37,55,826.4360517737482
37,56,826.4360517737482
37,57,917.9838534950347
38,1,752.8797609369251
38,2,752.8797609369251
38,3,838.8006987019115
38,4,590.7162631946774
38,5,590.7162631946774
38,6,657.9899260018867
38,7,838.8006987019115
38,8,748.9118784849346
38,9,702.6733663981471
38,10,702.6733663981471
38,11,657.9899260018867
38,12,589.0406692981339
38,13,541.2389956872654
38,14,653.6325670571902
38,15,541.2389956872654
38,16,444.6729561081256
38,17,444.6729561081256
38,18,589.0406692981339
38,19,593.9496358279821
38,20,541.0251613383851
38,21,614.7352663796368
38,22,530.8007681086635
38,23,614.7352663796368
38,24,530.8007681086635
38,25,595.0757535771775
38,26,444.6729561081256
38,27,174.6192577442632
38,28,144.15616532080756
38,29,345.5141379388747
38,30,256.22808079667584
38,31,144.15616532080756
38,32,0
38,33,805.5832934125418
38,34,805.5832934125418
38,35,800.1266111033176
38,36,786.7849470391913
38,37,593.9496358279821
38,38,727.1712556950292
38,39,593.9496358279821
38,40,754.5049222560533
38,41,727.1712556950292
38,42,256.22808079667584
38,43,174.6192577442632
38,44,754.5049222560533
38,45,786.7849470391913
38,46,864.6052528725661
38,47,800.1266111033176
38,48,828.9995425312517
38,49,828.9995425312517
38,50,440.78742905448587
38,51,345.5141379388747
38,52,802.2248371903897
38,53,919.1763074711351
38,54,440.78742905448587
38,55,534.1951375158329
38,56,534.1951375158329
38,57,625.7429392371195
39,1,659.8693262450747
39,2,659.8693262450747
39,3,745.790264010061
39,4,497.7058285028269
39,5,497.7058285028269
39,6,564.9794913100362
39,7,745.790264010061
39,8,655.9014437930841
39,9,609.6629317062966
39,10,609.6629317062966
39,11,564.9794913100362
39,12,496.03023460628344
39,13,448.22856099541497
39,14,560.6221323653397
39,15,448.22856099541497
39,16,351.6625214162751
39,17,351.6625214162751
39,18,458.9559572574685
39,19,560.6221323653397
39,20,508.94091149344587
39,21,521.7248316877863
39,22,437.79033341681304
39,23,521.7248316877863
39,24,437.79033341681304
39,25,338.8476727805017
39,26,338.8476727805017
39,27,81.60882305241266
39,28,81.60882305241266
39,29,89.28605714219886
39,30,0
39,31,112.0719154758683
39,32,112.0719154758683
39,33,707.2568659637427
39,34,707.2568659637427
39,35,610.5568059599899
39,36,610.5568059599899
39,37,561.8653859830429
39,38,695.08700585009
39,39,561.8653859830429
39,40,656.1784948072542
39,41,695.08700585009
39,42,0
39,43,0
39,44,623.8984700241162
39,45,623.8984700241162
39,46,701.7187758574911
39,47,545.996756393714
39,48,756.2898304560601
39,49,796.9152926863125
39,50,184.55934825781006
39,51,89.28605714219886
39,52,545.996756393714
39,53,756.2898304560601
39,54,184.55934825781006
39,55,277.9670567191571
39,56,277.9670567191571
39,57,369.5148584404437
40,1,721.7159106293395
40,2,721.7159106293395
40,3,807.636848394326
40,4,559.5524128870918
40,5,559.5524128870918
40,6,626.8260756943012
40,7,807.636848394326
40,8,717.748028177349
40,9,671.5095160905615
40,10,671.5095160905615
40,11,626.8260756943012
40,12,557.8768189905484
40,13,510.0751453796799
40,14,622.4687167496046
40,15,510.0751453796799
40,16,413.50910580054006
40,17,413.50910580054006
40,18,520.8025416417335
40,19,622.4687167496046
40,20,570.7874958777107
40,21,583.5714160720512
40,22,499.63691780107797
40,23,583.5714160720512
40,24,499.63691780107797
40,25,400.6942571647666
40,26,400.6942571647666
40,27,143.45540743667758
40,28,143.45540743667758
40,29,151.13264152646377
40,30,61.84658438426491
40,31,173.9184998601332
40,32,173.9184998601332
40,33,769.1034503480076
40,34,769.1034503480076
40,35,672.4033903442548
40,36,672.4033903442548
40,37,623.7119703673077
40,38,756.9335902343548
40,39,623.7119703673077
40,40,718.0250791915191
40,41,756.9335902343548
40,42,0
40,43,61.84658438426491
40,44,685.7450544083812
40,45,685.7450544083812
40,46,763.565360241756
40,47,607.8433407779789
40,48,818.1364148403251
40,49,858.7618770705773
40,50,246.40593264207496
40,51,151.13264152646377
40,52,607.8433407779789
40,53,818.1364148403251
40,54,246.40593264207496
40,55,339.813641103422
40,56,339.813641103422
40,57,431.3614428247086
41,1,1023.2419429817414
41,2,1023.2419429817414
41,3,790.8048478922991
41,4,861.0784452394936
41,5,700.9160276753222
41,6,1027.3066430615268
41,7,790.8048478922991
41,8,700.9160276753222
41,9,654.6775155885347
41,10,654.6775155885347
41,11,1027.3066430615268
41,12,958.357386357774
41,13,910.5557127469056
41,14,605.6367162475777
41,15,861.0784452394936
41,16,814.5963271966423
41,17,728.4685151961044
41,18,904.2823129971871
41,19,192.8353112112092
41,20,192.8353112112092
41,21,605.6367162475777
41,22,644.5340169251311
41,23,644.5340169251311
41,24,728.4685151961044
41,25,784.1740285202202
41,26,784.1740285202202
41,27,673.0918741418393
41,28,642.6287817183837
41,29,534.6124128819174
41,30,534.6124128819174
41,31,245.75978570080616
41,32,642.6287817183837
41,33,83.35839593962649
41,34,83.35839593962649
41,35,13.341664064126334
41,36,0
41,37,192.8353112112092
41,38,326.0569310782563
41,39,32.28002478313795
41,40,32.28002478313795
41,41,293.68922154609504
41,42,623.8984700241162
41,43,623.8984700241162
41,44,0
41,45,0
41,46,77.82030583337487
41,47,13.341664064126334
41,48,132.3913604319439
41,49,293.68922154609504
41,50,77.90171363040223
41,51,439.33912176630616
41,52,77.90171363040223
41,53,132.3913604319439
41,54,439.33912176630616
41,55,532.7468302276532
41,56,532.7468302276532
41,57,624.2946319489397
42,1,1101.0622488151162
42,2,1101.0622488151162
42,3,868.625153725674
42,4,938.8987510728684
42,5,778.736333508697
42,6,1105.1269488949017
42,7,868.625153725674
42,8,778.736333508697
42,9,732.4978214219095
42,10,732.4978214219095
42,11,1105.1269488949017
42,12,1036.177692191149
42,13,988.3760185802804
42,14,683.4570220809526
42,15,938.8987510728684
42,16,892.4166330300171
42,17,806.2888210294792
42,18,982.102618830562
42,19,270.65561704458406
42,20,270.65561704458406
42,21,683.4570220809526
42,22,722.354322758506
42,23,722.354322758506
42,24,806.2888210294792
42,25,861.9943343535951
42,26,861.9943343535951
42,27,750.9121799752143
42,28,720.4490875517586
42,29,612.4327187152923
42,30,612.4327187152923
42,31,323.580091534181
42,32,720.4490875517586
42,33,161.17870177300136
42,34,161.17870177300136
42,35,91.16196989750121
42,36,77.82030583337487
42,37,270.65561704458406
42,38,317.69720254894264
42,39,110.10033061651282
42,40,110.10033061651282
42,41,215.8689157127202
42,42,701.7187758574911
42,43,701.7187758574911
42,44,77.82030583337487
42,45,0
42,46,0
42,47,91.16196989750121
42,48,54.57105459856901
42,49,215.8689157127202
42,50,155.7220194637771
42,51,517.1594275996811
42,52,155.7220194637771
42,53,54.57105459856901
42,54,517.1594275996811
42,55,610.5671360610281
42,56,610.5671360610281
42,57,702.1149377823147
43,1,1101.1436566121436
43,2,1101.1436566121436
43,3,868.7065615227013
43,4,938.9801588698958
43,5,778.8177413057244
43,6,1083.2553732309275
43,7,868.7065615227013
43,8,778.8177413057244
43,9,732.5792292189369
43,10,732.5792292189369
43,11,1083.2553732309275
43,12,1014.3061165271747
43,13,988.4574263773078
43,14,683.53842987798
43,15,938.9801588698958
43,16,892.4980408270445
43,17,806.3702288265066
43,18,826.3805993667848
43,19,270.7370248416114
43,20,270.7370248416114
43,21,683.53842987798
43,22,722.4357305555334
43,23,722.4357305555334
43,24,806.3702288265066
43,25,706.272314889818
43,26,706.272314889818
43,27,627.6055794461266
43,28,627.6055794461266
43,29,456.7106992515151
43,30,456.7106992515151
43,31,323.66149933120835
43,32,658.0686718695822
43,33,161.2601095700287
43,34,161.2601095700287
43,35,64.5600495662759
43,36,64.5600495662759
43,37,270.7370248416114
43,38,403.95864470865854
43,39,110.18173841354017
43,40,110.18173841354017
43,41,371.5909351764973
43,42,545.996756393714
43,43,545.996756393714
43,44,77.90171363040223
43,45,77.90171363040223
43,46,155.7220194637771
43,47,0
43,48,210.2930740623461
43,49,371.5909351764973
43,50,0
43,51,361.4374081359039
43,52,0
43,53,210.2930740623461
43,54,361.4374081359039
43,55,454.8451165972509
43,56,454.8451165972509
43,57,546.3929183185375
44,1,1155.633303413685
44,2,1155.633303413685
44,3,923.1962083242429
44,4,993.4698056714374
44,5,833.307388107266
44,6,1159.6980034934704
44,7,923.1962083242429
44,8,833.307388107266
44,9,787.0688760204785
44,10,787.0688760204785
44,11,1159.6980034934704
44,12,1090.7487467897176
44,13,1042.9470731788492
44,14,738.0280766795215
44,15,993.4698056714374
44,16,946.9876876285861
44,17,860.8598756280481
44,18,1036.673673429131
44,19,325.22667164315305
44,20,325.22667164315305
44,21,738.0280766795215
44,22,776.9253773570749
44,23,776.9253773570749
44,24,860.8598756280481
44,25,916.5653889521641
44,26,916.5653889521641
44,27,805.4832345737832
44,28,775.0201421503275
44,29,667.0037733138612
44,30,667.0037733138612
44,31,378.15114613275
44,32,775.0201421503275
44,33,215.74975637157038
44,34,215.74975637157038
44,35,145.73302449607024
44,36,132.3913604319439
44,37,263.12614795037365
44,38,263.12614795037365
44,39,164.67138521508184
44,40,164.67138521508184
44,41,161.29786111415117
44,42,756.28983045606
44,43,756.28983045606
44,44,132.3913604319439
44,45,54.57105459856901
44,46,0
44,47,145.73302449607024
44,48,0
44,49,161.29786111415117
44,50,210.29307406234614
44,51,571.73048219825
44,52,210.29307406234614
44,53,0
44,54,571.73048219825
44,55,665.1381906595971
44,56,665.1381906595971
44,57,756.6859923808836
45,1,1231.9377686470557
45,2,1231.9377686470557
45,3,999.5006735576135
45,4,1069.774270904808
45,5,909.6118533406366
45,6,1236.002468726841
45,7,999.5006735576135
45,8,909.6118533406366
45,9,863.373341253849
45,10,863.373341253849
45,11,1236.002468726841
45,12,1167.0532120230882
45,13,1119.2515384122198
45,14,814.3325419128921
45,15,1069.774270904808
45,16,1023.2921528619567
45,17,937.1643408614187
45,18,1167.0532120230882
45,19,401.53113687652365
45,20,401.53113687652365
45,21,814.3325419128921
45,22,853.2298425904455
45,23,853.2298425904455
45,24,937.1643408614187
45,25,1234.2423839592466
45,26,1023.2921528619567
45,27,881.7876998071538
45,28,851.3246073836981
45,29,994.7828646012664
45,30,963.3965228595664
45,31,454.4556113661206
45,32,851.3246073836981
45,33,543.5288476589756
45,34,543.5288476589756
45,35,473.51211578347545
45,36,460.1704517193491
45,37,268.3095170094765
45,38,268.3095170094765
45,39,401.53113687652365
45,40,492.45047650248705
45,41,166.48123017325406
45,42,963.3965228595664
45,43,881.7876998071538
45,44,460.1704517193491
45,45,382.3501458859742
45,46,327.7790912874052
45,47,473.51211578347545
45,48,166.48123017325406
45,49,0
45,50,538.0721653497513
45,51,899.5095734856552
45,52,538.0721653497513
45,53,327.7790912874052
45,54,899.5095734856552
45,55,992.9172819470023
45,56,992.9172819470023
45,57,1084.4650836682888
46,1,844.4286745028846
46,2,844.4286745028846
46,3,930.3496122678711
46,4,682.2651767606369
46,5,682.2651767606369
46,6,721.8179650950235
46,7,930.3496122678711
46,8,840.4607920508942
46,9,794.2222799641066
46,10,794.2222799641066
46,11,721.8179650950235
46,12,652.8687083912707
46,13,632.7879092532249
46,14,745.1814806231497
46,15,632.7879092532249
46,16,536.2218696740852
46,17,536.2218696740852
46,18,464.94319123088087
46,19,632.1744329775154
46,20,632.1744329775154
46,21,706.2841799455963
46,22,622.3496816746231
46,23,706.2841799455963
46,24,622.3496816746231
46,25,344.834906753914
46,26,344.834906753914
46,27,266.1681713102227
46,28,266.1681713102227
46,29,95.2732911156112
46,30,95.2732911156112
46,31,296.63126373367834
46,32,296.63126373367834
46,33,522.6975177059327
46,34,522.6975177059327
46,35,425.9974577021798
46,36,425.9974577021798
46,37,632.1744329775154
46,38,765.3960528445625
46,39,471.6191465494441
46,40,471.6191465494441
46,41,733.0283433124013
46,42,184.55934825781006
46,43,184.55934825781006
46,44,439.33912176630616
46,45,439.33912176630616
46,46,517.1594275996811
46,47,361.4374081359039
46,48,571.7304821982501
46,49,733.0283433124013
46,50,0
46,51,0
46,52,361.4374081359039
46,53,571.7304821982501
46,54,0
46,55,93.40770846134703
46,56,93.40770846134703
46,57,184.9555101826336
47,1,1234.6839127149383
47,2,1234.6839127149383
47,3,1002.2468176254961
47,4,1072.5204149726906
47,5,912.3579974085192
47,6,1216.7956293337222
47,7,1002.2468176254961
47,8,912.3579974085192
47,9,866.1194853217316
47,10,866.1194853217316
47,11,1216.7956293337222
47,12,1147.8463726299694
47,13,1121.9976824801024
47,14,817.0786859807747
47,15,1072.5204149726906
47,16,1026.0382969298391
47,17,939.9104849293013
47,18,959.9208554695795
47,19,404.27728094440613
47,20,404.27728094440613
47,21,817.0786859807747
47,22,855.9759866583281
47,23,855.9759866583281
47,24,939.9104849293013
47,25,839.8125709926126
47,26,839.8125709926126
47,27,761.1458355489212
47,28,761.1458355489212
47,29,590.2509553543098
47,30,590.2509553543098
47,31,457.2017554340031
47,32,791.6089279723769
47,33,294.8003656728234
47,34,294.8003656728234
47,35,198.1003056690706
47,36,198.1003056690706
47,37,404.27728094440613
47,38,537.4989008114533
47,39,243.72199451633486
47,40,243.72199451633486
47,41,505.131191279292
47,42,679.5370124965086
47,43,679.5370124965086
47,44,211.4419697331969
47,45,211.4419697331969
47,46,289.2622755665718
47,47,133.5402561027947
47,48,343.8333301651408
47,49,505.131191279292
47,50,133.5402561027947
47,51,494.9776642386986
47,52,0
47,53,343.8333301651408
47,54,494.9776642386986
47,55,588.3853727000457
47,56,588.3853727000457
47,57,679.9331744213322
48,1,1259.5034146103137
48,2,1259.5034146103137
48,3,1027.0663195208715
48,4,1097.339916868066
48,5,937.1774993038946
48,6,1263.568114690099
48,7,1027.0663195208715
48,8,937.1774993038946
48,9,890.9389872171071
48,10,890.9389872171071
48,11,1263.568114690099
48,12,1194.6188579863463
48,13,1146.8171843754778
48,14,841.8981878761501
48,15,1097.339916868066
48,16,1050.8577988252146
48,17,964.7299868246768
48,18,1140.5437846257596
48,19,429.09678283978167
48,20,429.09678283978167
48,21,841.8981878761501
48,22,880.7954885537035
48,23,880.7954885537035
48,24,964.7299868246768
48,25,1020.4355001487927
48,26,1020.4355001487927
48,27,909.3533457704118
48,28,878.8902533469561
48,29,770.8738845104898
48,30,770.8738845104898
48,31,482.0212573293786
48,32,878.8902533469561
48,33,319.61986756819897
48,34,319.61986756819897
48,35,249.60313569269886
48,36,236.26147162857254
48,37,366.9962591470023
48,38,366.9962591470023
48,39,268.54149641171045
48,40,268.54149641171045
48,41,265.1679723107798
48,42,860.1599416526886
48,43,860.1599416526886
48,44,236.26147162857254
48,45,158.44116579519766
48,46,103.87011119662864
48,47,249.60313569269886
48,48,103.87011119662864
48,49,265.1679723107798
48,50,314.16318525897475
48,51,675.6005933948786
48,52,314.16318525897475
48,53,0
48,54,675.6005933948786
48,55,769.0083018562257
48,56,769.0083018562257
48,57,860.5561035775122
49,1,937.8363829642317
49,2,937.8363829642317
49,3,1023.7573207292181
49,4,775.672885221984
49,5,775.672885221984
49,6,815.2256735563706
49,7,1023.7573207292181
49,8,933.8685005122412
49,9,887.6299884254537
49,10,887.6299884254537
49,11,815.2256735563706
49,12,746.2764168526178
49,13,726.195617714572
49,14,838.5891890844968
49,15,726.195617714572
49,16,629.6295781354322
49,17,629.6295781354322
49,18,558.3508996922279
49,19,725.5821414388623
49,20,725.5821414388623
49,21,799.6918884069433
49,22,715.7573901359701
49,23,799.6918884069433
49,24,715.7573901359701
49,25,438.2426152152611
49,26,438.2426152152611
49,27,359.57587977156976
49,28,359.57587977156976
49,29,188.68099957695824
49,30,188.68099957695824
49,31,390.0389721950254
49,32,390.0389721950254
49,33,616.1052261672796
49,34,616.1052261672796
49,35,519.4051661635268
49,36,519.4051661635268
49,37,725.5821414388623
49,38,858.8037613059095
49,39,565.0268550107911
49,40,565.0268550107911
49,41,826.4360517737482
49,42,277.9670567191571
49,43,277.9670567191571
49,44,532.7468302276532
49,45,532.7468302276532
49,46,610.567136061028
49,47,454.8451165972509
49,48,665.1381906595971
49,49,826.4360517737482
49,50,93.40770846134703
49,51,93.40770846134703
49,52,454.8451165972509
49,53,665.1381906595971
49,54,0
49,55,0
49,56,0
49,57,91.54780172128658
50,1,1212.253947999708
50,2,1212.253947999708
50,3,1298.1748857646944
50,4,1050.0904502574604
50,5,1050.0904502574604
50,6,1089.6432385918472
50,7,1298.1748857646944
50,8,1208.2860655477175
50,9,1162.04755346093
50,10,1162.04755346093
50,11,1089.6432385918472
50,12,1020.6939818880944
50,13,1000.6131827500484
50,14,1113.006754119973
50,15,1000.6131827500484
50,16,904.0471431709086
50,17,904.0471431709086
50,18,832.7684647277044
50,19,999.9997064743388
50,20,999.9997064743388
50,21,1074.1094534424196
50,22,990.1749551714465
50,23,1074.1094534424196
50,24,990.1749551714465
50,25,712.6601802507375
50,26,712.6601802507375
50,27,633.9934448070462
50,28,633.9934448070462
50,29,463.09856461243476
50,30,463.09856461243476
50,31,664.4565372305019
50,32,664.4565372305019
50,33,890.5227912027561
50,34,890.5227912027561
50,35,793.8227311990033
50,36,793.8227311990033
50,37,999.9997064743388
50,38,1133.221326341386
50,39,839.4444200462676
50,40,839.4444200462676
50,41,1100.8536168092248
50,42,552.3846217546336
50,43,552.3846217546336
50,44,807.1643952631297
50,45,807.1643952631297
50,46,884.9847010965045
50,47,729.2626816327274
50,48,939.5557556950736
50,49,1100.8536168092248
50,50,367.82527349682357
50,51,367.82527349682357
50,52,729.2626816327274
50,53,939.5557556950736
50,54,274.41756503547657
50,55,0
50,56,274.41756503547657
50,57,365.96536675676316
51,1,1029.3841846855182
51,2,1029.3841846855182
51,3,1115.3051224505048
51,4,867.2206869432705
51,5,867.2206869432705
51,6,906.7734752776573
51,7,1115.3051224505048
51,8,1025.4163022335279
51,9,979.1777901467402
51,10,979.1777901467402
51,11,906.7734752776573
51,12,837.8242185739045
51,13,817.7434194358585
51,14,930.1369908057833
51,15,817.7434194358585
51,16,721.1773798567187
51,17,721.1773798567187
51,18,649.8987014135146
51,19,817.129943160149
51,20,817.129943160149
51,21,891.2396901282299
51,22,807.3051918572567
51,23,891.2396901282299
51,24,807.3051918572567
51,25,529.7904169365477
51,26,529.7904169365477
51,27,451.1236814928563
51,28,451.1236814928563
51,29,280.2288012982448
51,30,280.2288012982448
51,31,481.5867739163119
51,32,481.5867739163119
51,33,707.6530278885663
51,34,707.6530278885663
51,35,610.9529678848135
51,36,610.9529678848135
51,37,817.129943160149
51,38,950.3515630271961
51,39,656.5746567320778
51,40,656.5746567320778
51,41,917.9838534950349
51,42,369.5148584404436
51,43,369.5148584404436
51,44,624.2946319489398
51,45,624.2946319489398
51,46,702.1149377823147
51,47,546.3929183185376
51,48,756.6859923808837
51,49,917.9838534950349
51,50,184.9555101826336
51,51,184.9555101826336
51,52,546.3929183185376
51,53,756.6859923808837
51,54,91.54780172128658
51,55,91.54780172128658
51,56,0
51,57,0
52,1,1295.3165069030329
52,2,1295.3165069030329
52,3,1381.2374446680192
52,4,1133.1530091607851
52,5,1133.1530091607851
52,6,1172.705797495172
52,7,1381.2374446680192
52,8,1291.3486244510423
52,9,1245.1101123642547
52,10,1245.1101123642547
52,11,1172.705797495172
52,12,1103.7565407914192
52,13,1083.6757416533733
52,14,1196.0693130232978
52,15,1083.6757416533733
52,16,987.1097020742334
52,17,987.1097020742334
52,18,915.8310236310292
52,19,1083.0622653776636
52,20,1083.0622653776636
52,21,1157.1720123457444
52,22,1073.2375140747713
52,23,1157.1720123457444
52,24,1073.2375140747713
52,25,795.7227391540623
52,26,795.7227391540623
52,27,717.0560037103709
52,28,717.0560037103709
52,29,546.1611235157594
52,30,546.1611235157594
52,31,747.5190961338265
52,32,747.5190961338265
52,33,973.5853501060809
52,34,973.5853501060809
52,35,876.8852901023281
52,36,876.8852901023281
52,37,1083.0622653776636
52,38,1216.2838852447107
52,39,922.5069789495924
52,40,922.5069789495924
52,41,1183.9161757125496
52,42,635.4471806579583
52,43,635.4471806579583
52,44,890.2269541664544
52,45,890.2269541664544
52,46,968.0472599998293
52,47,812.3252405360522
52,48,1022.6183145983983
52,49,1183.9161757125496
52,50,450.8878324001482
52,51,450.8878324001482
52,52,812.3252405360522
52,53,1022.6183145983983
52,54,357.48012393880117
52,55,357.48012393880117
52,56,265.9323222175146
52,57,0
